recordname,playbackStart,33_vmu,34_vmu,35_vmu,36_vmu,37_vmu,38_vmu,39_vmu,40_vmu,41_vmu,51_vmu,EP_Messages_lastUpdated
EST_35_IR_Cal,2019-05-14T13:04:02.250Z,2400,10,0,64,0,0,0,0,0,0,2019-05-20T11:08:42Z
EST_55_IR_Cal,2019-05-14T16:15:43.933Z,2400,10,0,65,0,0,0,0,0,0,2019-05-20T11:08:42Z
EST_E_OF_1_36_1,2019-05-15T22:42:13.625Z,2400,5000,722,144,0,0,0,0,0,470,2019-05-20T11:08:42Z
EST_E_OF_1_36_1r,2019-05-15T22:41:15.835Z,120,1,0,1,0,0,0,0,0,42,2019-05-20T11:08:42Z
EST_E_OF_1_36_2,2019-05-15T22:54:54.640Z,2400,5000,678,145,0,0,0,0,0,472,2019-05-20T11:08:42Z
EST_E_OF_1_36_2r,2019-05-15T22:53:55.542Z,120,1,0,1,0,0,0,0,0,42,2019-05-20T11:08:42Z
EST_E_OF_1_36_3,2019-05-15T23:07:38.640Z,2400,5000,674,144,0,0,0,0,0,473,2019-05-20T11:08:42Z
EST_E_OF_1_36_3r,2019-05-15T23:06:39.542Z,120,1,0,1,0,0,0,0,0,42,2019-05-20T11:08:42Z
EST_E_OF_2_36_1,2019-05-15T23:20:17.542Z,2400,5000,680,145,0,0,0,0,0,474,2019-05-20T11:08:42Z
EST_E_OF_2_36_1r,2019-05-15T23:19:18.542Z,120,1,0,1,0,0,0,0,0,42,2019-05-20T11:08:42Z
EST_E_OF_2_36_2,2019-05-15T23:32:53.640Z,2400,5000,683,145,0,0,0,0,0,471,2019-05-20T11:08:42Z
EST_E_OF_2_36_2r,2019-05-15T23:31:54.933Z,120,1,0,1,0,0,0,0,0,42,2019-05-20T11:08:42Z
EST_E_OF_2_36_3,2019-05-15T23:45:34.542Z,2400,5000,680,145,0,0,0,0,0,474,2019-05-20T11:08:42Z
EST_E_OF_2_36_3r,2019-05-15T23:44:35.542Z,120,1,0,1,0,0,0,0,0,42,2019-05-20T11:08:42Z
EST_M_OF_1_36_1,2019-05-15T21:24:03.640Z,2400,5000,421,128,0,0,0,0,0,453,2019-05-20T11:08:42Z
EST_M_OF_1_36_1r,2019-05-15T21:23:04.542Z,120,1,0,1,0,0,0,0,0,42,2019-05-20T11:08:42Z
EST_M_OF_1_36_2,2019-05-15T21:37:07.640Z,2400,5000,409,128,0,0,0,0,0,456,2019-05-20T11:08:42Z
EST_M_OF_1_36_2r,2019-05-15T21:36:08.039Z,120,1,0,1,0,0,0,0,0,42,2019-05-20T11:08:42Z
EST_M_OF_1_36_3,2019-05-15T21:50:02.640Z,2400,5000,402,129,0,0,0,0,0,456,2019-05-20T11:08:42Z
EST_M_OF_1_36_3r,2019-05-15T21:49:04.542Z,120,1,0,1,0,0,0,0,0,42,2019-05-20T11:08:42Z
EST_M_OF_2_36_1,2019-05-15T22:03:03.625Z,2400,5000,691,139,0,0,0,0,0,465,2019-05-20T11:08:42Z
EST_M_OF_2_36_1r,2019-05-15T22:02:04.933Z,120,1,0,1,0,0,0,0,0,37,2019-05-20T11:08:42Z
EST_M_OF_2_36_2,2019-05-15T22:16:10.542Z,2400,5000,687,137,0,0,0,0,0,463,2019-05-20T11:08:42Z
EST_M_OF_2_36_2r,2019-05-15T22:15:11.542Z,120,1,0,1,0,0,0,0,0,42,2019-05-20T11:08:42Z
EST_M_OF_2_36_3,2019-05-15T22:29:13.640Z,2400,5000,693,138,0,0,0,0,0,464,2019-05-20T11:08:42Z
EST_M_OF_2_36_3r,2019-05-15T22:28:14.054Z,120,1,0,1,0,0,0,0,0,42,2019-05-20T11:08:42Z
EST_M_OF_H_36_1,2019-05-15T20:29:08.820Z,2400,5000,410,119,0,0,0,0,0,441,2019-05-20T11:08:42Z
EST_M_OF_H_36_1r,2019-05-15T20:28:06.054Z,120,1,0,1,0,0,0,0,0,42,2019-05-20T11:08:42Z
EST_M_OF_H_36_2,2019-05-15T20:58:00.625Z,2400,5000,414,120,0,0,0,0,0,443,2019-05-20T11:08:42Z
EST_M_OF_H_36_2r,2019-05-15T20:55:49.527Z,120,1,0,1,0,0,0,0,0,42,2019-05-20T11:08:42Z
EST_M_OF_H_36_3,2019-05-15T21:10:56.542Z,2400,5000,412,125,0,0,0,0,0,451,2019-05-20T11:08:42Z
EST_M_OF_H_36_3r,2019-05-15T21:09:57.542Z,120,1,0,1,0,0,0,0,0,42,2019-05-20T11:08:42Z
EST_E_OF_06_1,2019-05-17T00:11:44.933Z,2400,5000,816,151,0,0,0,0,0,477,2019-05-20T11:08:42Z
EST_E_OF_06_1r,2019-05-17T00:09:33.332Z,120,1,0,1,0,0,0,0,0,37,2019-05-20T11:08:42Z
EST_E_OF_06_2,2019-05-17T00:56:21.933Z,2400,5000,6934,155,0,0,0,0,0,582,2019-05-20T11:08:42Z
EST_E_OF_06_2r,2019-05-17T00:55:17.933Z,120,1,0,1,0,0,0,0,0,42,2019-05-20T11:08:42Z
EST_E_OF_06_3,2019-05-17T01:09:02.054Z,2400,5000,937,156,0,0,0,0,0,483,2019-05-20T11:08:42Z
EST_E_OF_06_3r,2019-05-17T01:08:03.949Z,120,1,0,1,0,0,0,0,0,41,2019-05-20T11:08:42Z
EST_E_ON_07_1,2019-05-17T01:21:46.054Z,0,5000,408,1,0,0,0,0,0,446,2019-05-20T11:08:42Z
EST_E_ON_07_1r,2019-05-17T01:20:46.933Z,0,1,0,0,0,0,0,0,0,54,2019-05-20T11:08:42Z
EST_E_ON_07_2,2019-05-17T01:33:18.640Z,2400,5000,409,124,0,0,0,0,0,447,2019-05-20T11:08:42Z
EST_E_ON_07_2r,2019-05-17T01:32:19.738Z,120,1,0,1,0,0,0,0,0,42,2019-05-20T11:08:42Z
EST_E_ON_07_3,2019-05-17T01:45:50.738Z,2400,5000,413,134,0,0,0,0,0,461,2019-05-20T11:08:42Z
EST_E_ON_07_3r,2019-05-17T01:44:51.625Z,120,1,0,1,0,0,0,0,0,42,2019-05-20T11:08:42Z
EST_M_OF_12_1,2019-05-17T04:12:22.738Z,2400,5000,671,136,0,0,0,0,0,458,2019-05-20T11:08:42Z
EST_M_OF_12_1r,2019-05-17T04:11:24.640Z,120,1,0,1,0,0,0,0,0,37,2019-05-20T11:08:42Z
EST_M_OF_12_2,2019-05-17T04:25:45.625Z,2400,5000,679,137,0,0,0,0,0,463,2019-05-20T11:08:42Z
EST_M_OF_12_2r,2019-05-17T04:24:47.820Z,120,1,0,1,0,0,0,0,0,42,2019-05-20T11:08:42Z
EST_M_OF_12_3,2019-05-17T04:39:13.738Z,2400,5000,695,137,0,0,0,0,0,464,2019-05-20T11:08:42Z
EST_M_OF_12_3r,2019-05-17T04:38:14.054Z,120,1,0,1,0,0,0,0,0,42,2019-05-20T11:08:42Z
EST_M_OF_13_1,2019-05-17T08:49:25.738Z,2400,5000,541,131,0,0,0,0,0,455,2019-05-20T11:08:42Z
EST_M_OF_13_1r,2019-05-17T08:48:26.738Z,120,1,0,1,0,0,0,0,0,37,2019-05-20T11:08:42Z
EST_M_OF_13_2,2019-05-17T09:02:45.738Z,2400,5000,544,133,0,0,0,0,0,459,2019-05-20T11:08:42Z
EST_M_OF_13_2r,2019-05-17T09:01:47.640Z,120,1,0,1,0,0,0,0,0,42,2019-05-20T11:08:42Z
EST_M_OF_13_3,2019-05-17T09:35:28.738Z,2400,5000,544,131,0,0,0,0,0,457,2019-05-20T11:08:42Z
EST_M_OF_13_3r,2019-05-17T09:34:24.054Z,120,1,0,1,0,0,0,0,0,42,2019-05-20T11:08:42Z
EST_M_ON_08_1,2019-05-17T01:58:24.656Z,2400,5000,407,127,0,0,0,0,0,455,2019-05-20T11:08:42Z
EST_M_ON_08_1r,2019-05-17T01:57:25.851Z,120,1,0,1,0,0,0,0,0,42,2019-05-20T11:08:42Z
EST_M_ON_08_2,2019-05-17T02:11:26.738Z,2400,5000,410,128,0,0,0,0,0,455,2019-05-20T11:08:42Z
EST_M_ON_08_2r,2019-05-17T02:10:28.136Z,120,1,0,1,0,0,0,0,0,42,2019-05-20T11:08:42Z
EST_M_ON_08_3,2019-05-17T02:24:29.640Z,2400,5000,410,128,0,0,0,0,0,456,2019-05-20T11:08:42Z
EST_M_ON_08_3r,2019-05-17T02:23:30.054Z,120,1,0,1,0,0,0,0,0,42,2019-05-20T11:08:42Z
EST_M_ON_09_1,2019-05-17T02:37:29.625Z,2400,5000,409,128,0,0,0,0,0,455,2019-05-20T11:08:42Z
EST_M_ON_09_1r,2019-05-17T02:36:30.933Z,120,1,0,1,0,0,0,0,0,42,2019-05-20T11:08:42Z
EST_M_ON_09_2,2019-05-17T02:50:30.625Z,2400,5000,688,139,0,0,0,0,0,467,2019-05-20T11:08:42Z
EST_M_ON_09_2r,2019-05-17T02:49:31.917Z,120,1,0,1,0,0,0,0,0,42,2019-05-20T11:08:42Z
EST_M_ON_09_3,2019-05-17T03:03:29.640Z,2400,5000,818,139,0,0,0,0,0,465,2019-05-20T11:08:42Z
EST_M_ON_09_3r,2019-05-17T03:02:30.835Z,120,1,0,1,0,0,0,0,0,37,2019-05-20T11:08:42Z
EST_M_ON_10_1,2019-05-17T03:16:30.722Z,2400,5000,942,147,0,0,0,0,0,468,2019-05-20T11:08:42Z
EST_M_ON_10_1r,2019-05-17T03:15:32.039Z,120,1,0,1,0,0,0,0,0,37,2019-05-20T11:08:42Z
EST_M_ON_10_2,2019-05-17T03:29:54.640Z,2400,5000,940,147,0,0,0,0,0,471,2019-05-20T11:08:42Z
EST_M_ON_10_2r,2019-05-17T03:28:55.820Z,120,1,0,1,0,0,0,0,0,42,2019-05-20T11:08:42Z
EST_M_ON_10_3,2019-05-17T03:43:17.738Z,2400,5000,935,148,0,0,0,0,0,473,2019-05-20T11:08:42Z
EST_M_ON_10_3r,2019-05-17T03:42:18.738Z,120,1,0,1,0,0,0,0,0,42,2019-05-20T11:08:42Z
EST_M_ON_11_1,2019-05-17T03:56:39.625Z,2400,5000,930,149,0,0,0,0,0,477,2019-05-20T11:08:42Z
EST_M_ON_11_1r,2019-05-17T03:55:40.625Z,120,1,0,1,0,0,0,0,0,41,2019-05-20T11:08:42Z
EST_52_IR_Cal,2019-05-17T17:14:46.933Z,2400,10,0,68,0,0,0,0,0,0,2019-05-20T11:08:42Z
